serviceCode,provider,code,displayName,country,zone,type,transitTime,zoneMatch,partnerFullName
DFLS100,TPL,TUS1,DFL EXPRESS - Standard,USA,1,,7-8 Working Days,,
DFLS101,TPL,TUS2,DFL EXPRESS - Standard,USA,2,,7-8 Working Days,,
DFLS102,TPL,TUS3,DFL EXPRESS - Standard,USA,3,,7-8 Working Days,,
DFLS103,TPL,TUS4,DFL EXPRESS - Standard,USA,4,,7-8 Working Days,,
DFLS104,TPL,TUS5,DFL EXPRESS - Standard,USA,5,,7-8 Working Days,,
DFLS105,TPL,TUS6,DFL EXPRESS - Standard,USA,6,,7-8 Working Days,,
DFLS106,TPL,TUS7,DFL EXPRESS - Standard,USA,7,,7-8 Working Days,,
DFLS107,TPL,TUS8,DFL EXPRESS - Standard,USA,8,,7-8 Working Days,,
DFLS108,TPL,TUS -2 (FBA & CO ),DFL EXPRESS - FBA,USA,,FBA,7-10 Working Days,TUS 2,
DFLS109,TPL,TUS 3 (FBA & CO ),DFL EXPRESS - FBA,USA,,FBA,7-10 Working Days,TUS 3,
DFLS110,TPL,TUS 4 (FBA & CO ),DFL EXPRESS - FBA,USA,,FBA,7-10 Working Days,TUS 4,
DFLS111,TPL,TUS 5 (FBA & CO ),DFL EXPRESS - FBA,USA,,FBA,7-10 Working Days,TUS 5,
DFLS112,TPL,TUS 6 (FBA & CO ),DFL EXPRESS - FBA,USA,,FBA,7-10 Working Days,TUS 6,
DFLS113,TPL,TUS 7 (FBA & CO ),DFL EXPRESS - FBA,USA,,FBA,7-10 Working Days,TUS 7,
DFLS114,TPL,TUS 8 (FBA & CO ),DFL EXPRESS - FBA,USA,,FBA,7-10 Working Days,TUS 8,
DFLS115,TPL,TUK,DFL EXPRESS - Standard Heavy,UK,,HEAVY,7-8 Working Days,,
DFLS116,TPL,TAU1,DFL EXPRESS - Standard,AUSTRALIA,1,,8-12 Working Days,,
DFLS117,TPL,TAU2,DFL EXPRESS - Standard,AUSTRALIA,2,,8-12 Working Days,,
DFLS118,TPL,TAU3,DFL EXPRESS - Standard,AUSTRALIA,3,,8-12 Working Days,,
DFLS119,TPL,TAU4,DFL EXPRESS - Standard,AUSTRALIA,4,,8-12 Working Days,,
DFLS120,TPL,TAU5,DFL EXPRESS - Standard,AUSTRALIA,5,,8-12 Working Days,,
DFLS121,TPL,TFR,DFL EXPRESS - Standard,FRANCE,,,7-8 Working Days,,
DFLS122,TPL,TDE,DFL EXPRESS - Standard,GERMANY,,,7-8 Working Days,,
DFLS123,TPL,TNL,DFL EXPRESS - Standard,NETHERLANDS,,,8-12 Working Days,,
DFLS124,TPL,TIE,DFL EXPRESS - Standard,IRELAND,,,8-12 Working Days,,
DFLS125,TPL,TIT,DFL EXPRESS - Standard,ITALY,,,8-10 Working Days,,
DFLS126,TPL,TES,DFL EXPRESS - Standard,SPAIN,,,8-10 Working Days,,
DFLS127,TPL,TAS,DFL EXPRESS - Standard,AUSTRIA,,,8-12 Working Days,,
DFLS128,TPL,TAT,DFL EXPRESS - Standard,FINLAND,,,8-12 Working Days,,
DFLS129,TPL,TNZ1,DFL EXPRESS - Economy,NEW ZEALAND,1,,10-12 Working Days,,
DFLS130,TPL,TNZ2,DFL EXPRESS - Economy,NEW ZEALAND,2,,10-12 Working Days,,
DFLS131,TPL,TNZ3,DFL EXPRESS - Economy,NEW ZEALAND,3,,10-12 Working Days,,
DFLS132,TPL,TMX,DFL EXPRESS - Economy,MEXICO,,,10-12 Working Days,,
DFLS133,TPL,TSA,DFL EXPRESS - Economy,SAUDI ARABIA,,,10-12 Working Days,,
DFLS134,UNITED,UUSPS,DFL EXPRESS - Priority,USA,,SMALL_PARCELS,5-6 Working Days,,United States Postal Service
DFLS135,UNITED,UUK,DFL EXPRESS - Priority Plus,UK,,SMALL_PARCELS,5-6 Working Days,,
DFLS136,UNITED,UCA ecommerce,DFL EXPRESS - Ecommerce,CANADA,,SMALL_PARCELS,7-10 Working Days,,
DFLS137,UNITED,UCA,DFL EXPRESS - Standard,CANADA,,SMALL_PARCELS,7-10 Working Days,,
DFLS138,SKYNET,SAE,DFL EXPRESS - Standard,UAE,,,7-10 Working Days,,Skynet
DFLS139,SKYNET,S CA 1,DFL EXPRESS - Economy,CANADA,S CA 1,,10-12 Working Days,,
DFLS140,SKYNET,S CA 2,DFL EXPRESS - Economy,CANADA,S CA 2,,10-12 Working Days,,
DFLS141,SKYNET,S CA 3,DFL EXPRESS - Economy,CANADA,S CA 3,,10-12 Working Days,,
DFLS142,SKYNET,S CA 4,DFL EXPRESS - Economy,CANADA,S CA 4,,10-12 Working Days,,
DFLS143,SKYNET,S CA 5,DFL EXPRESS - Economy,CANADA,S CA 5,,10-12 Working Days,,
DFLS144,SKYNET,S CA 6,DFL EXPRESS - Economy,CANADA,S CA 6,,10-12 Working Days,,
DFLS145,SKYNET,S CA 7,DFL EXPRESS - Economy,CANADA,S CA 7,,10-12 Working Days,,
DFLS146,SKYNET,S CA 8,DFL EXPRESS - Economy,CANADA,S CA 8,,10-12 Working Days,,
DFLS147,SKYNET,S CA 9,DFL EXPRESS - Economy,CANADA,S CA 9,,10-12 Working Days,,
DFLS148,SKYNET,S CA 10,DFL EXPRESS - Economy,CANADA,S CA 10,,10-12 Working Days,,
DFLS149,SKYNET,S CA 11,DFL EXPRESS - Economy,CANADA,S CA 11,,10-12 Working Days,,
DFLS150,SKYNET,S CA 12,DFL EXPRESS - Economy,CANADA,S CA 12,,10-12 Working Days,,
DFLS151,SKYNET,S CA 13,DFL EXPRESS - Economy,CANADA,S CA 13,,10-12 Working Days,,
DFLS152,SKYNET,S CA 14,DFL EXPRESS - Economy,CANADA,S CA 14,,10-12 Working Days,,
DFLS153,SKYNET,S CA 15,DFL EXPRESS - Economy,CANADA,S CA 15,,10-12 Working Days,,
DFLS154,SKYNET,S CA 16,DFL EXPRESS - Economy,CANADA,S CA 16,,10-12 Working Days,,
DFLS155,SKYNET,S IT,DFL EXPRESS - Economy,Italy,,,10-12 working days,,
DFLS156,SKYNET,S IE,DFL EXPRESS - Economy,Ireland,,,10-12 working days,,
DFLS157,SKYNET,S NL,DFL EXPRESS - Economy,Netherlands,,,10-12 working days,,
DFLS158,SKYNET,S FR,DFL EXPRESS - Economy,France,,,10-12 working days,,
DFLS159,SKYNET,S DE,DFL EXPRESS - Economy,Germany,,,10-12 working days,,
DFLS160,SKYNET,S ES,DFL EXPRESS - Economy,Spain,,,10-12 working days,,
DFLS161,SKYNET,S AT,DFL EXPRESS - Economy,Austria,,,10-12 working days,,
DFLS162,SKYNET,S USA-GA,DFL EXPRESS - Economy Ground,USA,,SMALL_PARCELS,11-13 working days,,
DFLS163,SKYNET,S USA-Saver,DFL EXPRESS - Economy Saver,USA,,SMALL_PARCELS,13-15 working days,,
DFLS164,SKYNET,S CA,DFL EXPRESS - Economy Saver,Canada,,SMALL_PARCELS,12-14 working days,,
DFLS165,SKYNET,S GB,DFL EXPRESS - Priority,UK,,SMALL_PARCELS,5-8 working days,,
DFLS166,SKYNET,S GB_Evri,DFL EXPRESS - Swift,UK,,SMALL_PARCELS,5-8 working days,,
DFLS167,SKYNET,S MY,DFL EXPRESS - Priority,Malaysia,,SMALL_PARCELS,5-8 working days,,
DFLS168,SKYNET,S SG,DFL EXPRESS - Priority,Singapore,,SMALL_PARCELS,5-8 working days,,
DFLS169,SKYNET,S AU,DFL EXPRESS - Standard Express,Australia,,SMALL_PARCELS,8-10 working days,,
DFLS170,SKYNET,S UAE,DFL EXPRESS - Priority,UAE,,SMALL_PARCELS,5-8 working days,,
DFLS171,SKYNET,S BEL,DFL EXPRESS - Economy,Belgium,,SMALL_PARCELS,10-12 working days,,
DFLS172,SKYNET,S BGR,DFL EXPRESS - Economy,Bulgaria,,SMALL_PARCELS,10-12 working days,,
DFLS173,SKYNET,S HRV,DFL EXPRESS - Economy,Croatia,,SMALL_PARCELS,10-12 working days,,
DFLS174,SKYNET,S CYP,DFL EXPRESS - Economy,Cyprus,,SMALL_PARCELS,10-12 working days,,
DFLS175,SKYNET,S CZE,DFL EXPRESS - Economy,Czech Republic,,SMALL_PARCELS,10-12 working days,,
DFLS176,SKYNET,S DNK,DFL EXPRESS - Economy,Denmark,,SMALL_PARCELS,10-12 working days,,
DFLS177,SKYNET,S EST,DFL EXPRESS - Economy,Estonia,,SMALL_PARCELS,10-12 working days,,
DFLS178,SKYNET,S FIN,DFL EXPRESS - Economy,Finland,,SMALL_PARCELS,10-12 working days,,
DFLS179,SKYNET,S GRC,DFL EXPRESS - Economy,Greece,,SMALL_PARCELS,10-12 working days,,
DFLS180,SKYNET,S HUN,DFL EXPRESS - Economy,Hungary,,SMALL_PARCELS,10-12 working days,,
DFLS181,SKYNET,S LVA,DFL EXPRESS - Economy,Latvia,,SMALL_PARCELS,10-12 working days,,
DFLS182,SKYNET,S LTU,DFL EXPRESS - Economy,Lithuania,,SMALL_PARCELS,10-12 working days,,
DFLS183,SKYNET,S LUX,DFL EXPRESS - Economy,Luxembourg,,SMALL_PARCELS,10-12 working days,,
DFLS184,SKYNET,S MLT,DFL EXPRESS - Economy,Malta,,SMALL_PARCELS,10-12 working days,,
DFLS185,SKYNET,S POL,DFL EXPRESS - Economy,Poland,,SMALL_PARCELS,10-12 working days,,
DFLS186,SKYNET,S PRT,DFL EXPRESS - Economy,Portugal,,SMALL_PARCELS,10-12 working days,,
DFLS187,SKYNET,S ROU,DFL EXPRESS - Economy,Romania,,SMALL_PARCELS,10-12 working days,,
DFLS188,SKYNET,S SVN,DFL EXPRESS - Economy,Slovenia,,SMALL_PARCELS,10-12 working days,,
DFLS189,SKYNET,S SWE,DFL EXPRESS - Economy,Sweden,,SMALL_PARCELS,10-12 working days,,
DFLS190,SKYNET,S AUS1,DFL EXPRESS - Economy Heavy,Australia,,HEAVY,10-12 working days,,
DFLS191,SKYNET,S AUS2,DFL EXPRESS - Economy Heavy,Australia,,HEAVY,10-12 working days,,
DFLS192,SKYNET,S AUS3,DFL EXPRESS - Economy Heavy,Australia,,HEAVY,10-12 working days,,