Customer Name,Customer ID,Total Payments,Total Paid (₹),Total Debits (₹),Expected Balance (₹),Actual Balance (₹),Excess / Double-Credited (₹)
Manish Kumar,DFLC-940134,3,2820.00,2819.64,0.36,450.36,450.00
Laxmi Rajput,DFLC-365682,2,2350.00,2301.27,48.73,598.73,550.00
Komal yadav,DFLC-223774,27,38666.49,40411.16,-1744.67,255.33,2000.00
Mridul Batra,DFLC-716221,6,10557.00,10541.32,15.68,2015.68,2000.00
Ishan Agrawal,DFLC-103819,4,3869.24,3624.49,244.75,744.75,500.00
Hari Ram Mali,DFLC-115508,3,2615.30,2613.30,2.00,4.00,2.00
BIJENDRA PANDEY,DFLC-564573,3,7850.00,7629.41,220.59,3920.59,3700.00
G venu kumar,DFLC-677581,2,1170.00,1159.70,10.30,630.30,620.00
,,,,,,TOTAL,9822.00
